,id,chain_id,group_id,pred_path,target_path,pred_ca_xyz,target_ca_xyz,lddt,plddt,rmsd,rank
0,2JUI,9,AH_MP,Peptide_Benchmark_Set/AlphaFold_Predictions/2JUI/ranked_3.pdb,Peptide_Benchmark_Set/NMR_structs/AH_MP/2JUI_9.pdb,"[[22.88800048828125, 3.2320001125335693, -17.854000091552734], [19.236000061035156, 3.5380001068115234, -18.881000518798828], [17.023000717163086, 6.559000015258789, -17.95800018310547], [14.272000312805176, 3.8929998874664307, -18.461999893188477], [15.36400032043457, 2.01200008392334, -15.270999908447266], [14.96399974822998, 5.151000022888184, -13.086000442504883], [11.418000221252441, 5.665999889373779, -14.468000411987305], [10.552000045776367, 1.9509999752044678, -13.987000465393066], [11.829000473022461, 2.010999917984009, -10.359000205993652], [9.913000106811523, 5.2820000648498535, -9.631999969482422], [6.7170000076293945, 3.9570000171661377, -11.305000305175781], [6.933000087738037, 0.597000002861023, -9.432999610900879], [7.5920000076293945, 2.447000026702881, -6.125999927520752], [4.672999858856201, 4.85699987411499, -6.824999809265137], [2.3299999237060547, 1.899999976158142, -7.631999969482422], [3.4800000190734863, -0.02800000086426735, -4.497000217437744], [3.01200008392334, 3.128000020980835, -2.3510000705718994], [-0.4449999928474426, 3.803999900817871, -3.8940000534057617], [-1.4919999837875366, 0.12700000405311584, -3.3469998836517334], [-0.1120000034570694, 0.19599999487400055, 0.25099998712539673], [-1.9910000562667847, 3.4779999256134033, 0.906000018119812], [-5.242000102996826, 2.0910000801086426, -0.6439999938011169], [-4.879000186920166, -1.1829999685287476, 1.343000054359436], [-4.343999862670898, 0.8730000257492065, 4.557000160217285], [-7.324999809265137, 3.177999973297119, 3.747999906539917], [-9.505000114440918, 0.09300000220537186, 2.9839999675750732], [-8.505999565124512, -1.3609999418258667, 6.4019999504089355], [-9.392999649047852, 1.9600000381469727, 8.145999908447266], [-12.685999870300293, 2.2890000343322754, 6.177999973297119], [-13.616999626159668, -1.3250000476837158, 7.15500020980835], [-12.718000411987305, -0.503000020980835, 10.807999610900879], [-15.03499984741211, 2.5859999656677246, 10.765000343322754], [-18.08300018310547, 0.6990000009536743, 9.295999526977539]]","[[18.221145629882812, 11.050565719604492, -18.783246994018555], [18.264301300048828, 7.344709396362305, -18.01424789428711], [15.041959762573242, 6.128458023071289, -16.44430160522461], [13.248669624328613, 8.28205394744873, -18.988910675048828], [10.793828010559082, 9.396342277526855, -16.331369400024414], [8.33726978302002, 6.517431259155273, -16.335254669189453], [10.977686882019043, 4.285005569458008, -14.796415328979492], [10.017852783203125, 0.6812477111816406, -14.145979881286621], [11.671850204467773, -0.47446727752685547, -10.943624496459961], [11.752290725708008, 2.231003761291504, -8.297986030578613], [8.089604377746582, 3.119159698486328, -8.653776168823242], [7.44717264175415, -0.6040658950805664, -8.420257568359375], [9.008728981018066, -0.4967336654663086, -4.974316596984863], [6.5814900398254395, 2.224949836730957, -3.9619035720825195], [3.6000404357910156, 0.5036993026733398, -5.535344123840332], [4.741501808166504, -2.757967948913574, -3.991175651550293], [4.160924911499023, -1.1777963638305664, -0.6013803482055664], [0.7302541732788086, -0.19898128509521484, -1.8677864074707031], [-0.1711902618408203, -3.8586549758911133, -2.2125730514526367], [0.7204389572143555, -4.083685874938965, 1.4587316513061523], [-0.7505083084106445, -0.7187681198120117, 2.3765268325805664], [-4.085260391235352, -1.5639066696166992, 0.7968788146972656], [-4.682161331176758, -3.7572755813598633, 3.8234148025512695], [-4.333187103271484, -0.5687227249145508, 5.833565711975098], [-5.881731033325195, 1.776383399963379, 3.297696113586426], [-9.025611877441406, -0.26581287384033203, 2.77895450592041], [-9.548229217529297, -0.48604679107666016, 6.52109432220459], [-9.159643173217773, 3.2512502670288086, 6.977242469787598], [-11.380376815795898, 3.69478702545166, 3.944493293762207], [-14.244621276855469, 2.899953842163086, 6.286595344543457], [-13.340391159057617, 6.189153671264648, 7.927399635314941], [-13.425971984863281, 8.063070297241211, 4.639702796936035], [-16.55510711669922, 6.528668403625488, 3.1645498275756836]]","[67.85714285760204, 72.500000000275, 66.66666666694444, 54.54545454586777, 60.41666666699652, 60.71428571456633, 75.00000000016665, 67.18750000020508, 70.31250000018555, 70.58823529429067, 86.84210526322714, 88.15789473690442, 83.82352941185987, 82.5000000000875, 90.78947368425901, 91.66666666671296, 91.66666666671296, 82.5000000000875, 84.21052631587257, 84.72222222230711, 97.36842105264543, 95.000000000025, 80.55555555566359, 88.15789473690442, 88.15789473690442, 85.9375000000879, 83.33333333344444, 90.00000000006666, 93.33333333337777, 87.50000000010417, 86.36363636376034, 88.63636363646694, 94.44444444450617]","[45.61, 52.55, 55.51, 56.41, 62.08, 65.16, 68.57, 73.3, 74.92, 78.69, 81.42, 86.5, 84.78, 86.21, 86.84, 88.74, 89.3, 86.02, 87.31, 87.65, 85.86, 83.67, 83.44, 85.11, 84.92, 81.8, 86.37, 84.75, 81.68, 80.96, 84.18, 83.18, 66.78]",4.666251273084839,3
1,2LIF,14,AH_MP,Peptide_Benchmark_Set/AlphaFold_Predictions/2LIF/ranked_0.pdb,Peptide_Benchmark_Set/NMR_structs/AH_MP/2LIF_14.pdb,"[[16.1200008392334, 16.969999313354492, -6.500999927520752], [13.319000244140625, 17.009000778198242, -9.142999649047852], [10.640999794006348, 15.093000411987305, -7.2270002365112305], [9.529000282287598, 12.904000282287598, -10.119999885559082], [5.743000030517578, 12.930000305175781, -11.032999992370605], [5.730999946594238, 9.63599967956543, -9.04800033569336], [5.633999824523926, 11.645000457763672, -5.751999855041504], [2.5759999752044678, 13.60200023651123, -7.021999835968018], [0.9070000052452087, 10.319000244140625, -8.104000091552734], [1.6139999628067017, 8.784000396728516, -4.646999835968018], [0.30399999022483826, 11.961999893188477, -2.8970000743865967], [-2.864000082015991, 11.869999885559082, -5.070000171661377], [-3.4059998989105225, 8.154000282287598, -4.229000091552734], [-2.7009999752044678, 8.904000282287598, -0.5220000147819519], [-5.290999889373779, 11.753000259399414, -0.7059999704360962], [-7.9070000648498535, 9.479000091552734, -2.374000072479248], [-7.453000068664551, 6.791999816894531, 0.38100001215934753], [-7.1529998779296875, 9.22700023651123, 3.372999906539917], [-10.656999588012695, 10.663000106811523, 2.694000005722046], [-12.442000389099121, 7.257999897003174, 3.2360000610351562], [-10.187999725341797, 6.4039998054504395, 6.263000011444092], [-11.194999694824219, 9.779000282287598, 7.804999828338623], [-14.87600040435791, 8.967000007629395, 7.0229997634887695], [-14.545000076293945, 5.440000057220459, 8.550000190734863], [-13.038999557495117, 6.74399995803833, 11.854999542236328], [-16.10700035095215, 9.057000160217285, 12.36299991607666], [-18.636999130249023, 6.1529998779296875, 11.980999946594238]]","[[15.423115730285645, 18.914112091064453, -8.777992248535156], [17.46194076538086, 15.742589950561523, -9.619682312011719], [14.549586296081543, 13.321444511413574, -8.9337797164917], [11.263867378234863, 12.058687210083008, -10.479945182800293], [8.058965682983398, 13.68516731262207, -9.12302303314209], [6.3758134841918945, 10.360713958740234, -8.1345796585083], [4.485879898071289, 12.1603422164917, -5.301362037658691], [2.0283753871917725, 13.569290161132812, -7.922634601593018], [0.18979907035827637, 10.199440956115723, -8.22183609008789], [0.9697854518890381, 9.289175033569336, -4.570199966430664], [-0.739642858505249, 12.489762306213379, -3.3512380123138428], [-3.574936866760254, 12.020339965820312, -5.910542964935303], [-4.039555072784424, 8.44121265411377, -4.588878631591797], [-3.489663600921631, 9.616097450256348, -0.9456061720848083], [-6.491589546203613, 12.03316879272461, -1.2271000146865845], [-8.686277389526367, 8.992538452148438, -2.0572211742401123], [-7.350255012512207, 7.269852638244629, 1.1397068500518799], [-7.700038909912109, 10.217105865478516, 3.5986881256103516], [-11.40109634399414, 10.840826034545898, 2.6587367057800293], [-12.871009826660156, 7.384158134460449, 3.557018995285034], [-10.585731506347656, 6.994133949279785, 6.633615970611572], [-12.39909553527832, 9.983983993530273, 8.247906684875488], [-15.721475601196289, 8.085531234741211, 8.050620079040527], [-13.967669486999512, 4.848010063171387, 9.169218063354492], [-13.096514701843262, 6.599666595458984, 12.491823196411133], [-16.71430778503418, 7.828365802764893, 13.029044151306152], [-18.32126808166504, 4.552271842956543, 11.718239784240723]]","[78.57142857173469, 62.500000000625, 55.55555555604938, 57.500000000425, 71.15384615406805, 80.35714285728316, 76.5625000001465, 83.33333333344444, 81.66666666678888, 90.6250000000586, 93.75000000003907, 85.0000000001, 93.75000000003907, 95.5882352941436, 91.66666666671296, 95.5882352941436, 95.83333333335648, 93.05555555559413, 91.1764705882872, 95.3125000000293, 98.21428571429847, 90.38461538468935, 79.16666666684027, 99.99999999999999, 97.500000000025, 94.44444444450617, 86.11111111126543]","[54.34, 66.8, 67.63, 71.52, 84.13, 87.72, 91.78, 91.1, 92.21, 92.33, 91.53, 91.83, 92.51, 91.26, 91.3, 90.43, 87.91, 88.13, 82.16, 72.67, 75.74, 74.02, 69.71, 69.7, 69.66, 69.87, 55.57]",1.8361859990612581,0
2,2K8J,14,AH_MP,Peptide_Benchmark_Set/AlphaFold_Predictions/2K8J/ranked_0.pdb,Peptide_Benchmark_Set/NMR_structs/AH_MP/2K8J_14.pdb,"[[19.360000610351562, 6.361000061035156, -10.49899959564209], [17.44700050354004, 4.638000011444092, -7.578000068664551], [14.324999809265137, 6.698999881744385, -8.531999588012695], [12.5600004196167, 4.22599983215332, -10.949999809265137], [12.638999938964844, 1.4220000505447388, -8.321999549865723], [11.112000465393066, 3.811000108718872, -5.74399995803833], [8.480999946594238, 4.97599983215332, -8.303999900817871], [7.431000232696533, 1.3359999656677246, -9.012999534606934], [7.388999938964844, 0.546999990940094, -5.261000156402588], [5.126999855041504, 3.5950000286102295, -4.559999942779541], [2.74399995803833, 2.700000047683716, -7.440999984741211], [2.693000078201294, -0.9800000190734863, -6.2729997634887695], [1.9730000495910645, 0.07100000232458115, -2.621000051498413], [-0.9229999780654907, 2.367000102996826, -3.7109999656677246], [-3.4019999504089355, -0.5669999718666077, -4.348999977111816], [-2.372999906539917, -2.0789999961853027, -0.9399999976158142], [-3.440999984741211, 1.2109999656677246, 0.75], [-6.789000034332275, 1.0640000104904175, -1.128000020980835], [-7.2220001220703125, -2.5840001106262207, 0.012000000104308128], [-6.375999927520752, -1.5509999990463257, 3.627000093460083], [-8.949999809265137, 1.3009999990463257, 3.437999963760376], [-11.47700023651123, -1.2020000219345093, 2.0], [-10.440999984741211, -3.691999912261963, 4.750999927520752], [-13.765999794006348, -4.539000034332275, 6.409999847412109], [-13.97700023651123, -3.9570000171661377, 10.234000205993652], [-15.359000205993652, -7.553999900817871, 10.451000213623047], [-11.717000007629395, -8.75, 10.217000007629395], [-11.034000396728516, -6.914999961853027, 13.559000015258789], [-13.64900016784668, -9.015999794006348, 15.48900032043457]]","[[18.72870445251465, 9.600985527038574, -13.700748443603516], [17.634252548217773, 6.611899375915527, -11.528246879577637], [14.651358604431152, 5.233501434326172, -9.511338233947754], [14.534125328063965, 3.4841666221618652, -6.097172737121582], [12.836270332336426, 0.19397777318954468, -7.130853652954102], [11.155366897583008, 1.5543886423110962, -10.3392972946167], [8.392468452453613, 3.18961763381958, -8.170098304748535], [7.490756034851074, -0.21115201711654663, -6.561103820800781], [7.631157875061035, 1.2294752597808838, -2.999765396118164], [5.543470859527588, 4.281735420227051, -4.135038375854492], [3.298307418823242, 3.2623555660247803, -7.073324203491211], [3.1198959350585938, -0.37249845266342163, -5.833379745483398], [2.0648155212402344, 0.6218065619468689, -2.2637689113616943], [-0.564927339553833, 3.1465113162994385, -3.5529987812042236], [-3.1917028427124023, 0.5059046149253845, -4.543666362762451], [-2.4604694843292236, -1.614475965499878, -1.4040591716766357], [-3.182791233062744, 1.3931488990783691, 0.8660011291503906], [-6.347050666809082, 2.034802198410034, -1.2098381519317627], [-7.274807453155518, -1.66152024269104, -0.7178571224212646], [-6.452237606048584, -1.2981233596801758, 3.0190088748931885], [-8.510525703430176, 1.9518747329711914, 3.279249429702759], [-11.497800827026367, 0.16509991884231567, 1.6700224876403809], [-11.02855110168457, -3.1384549140930176, 3.6064774990081787], [-13.736481666564941, -4.564273834228516, 5.894722938537598], [-13.030879020690918, -6.252861499786377, 9.265714645385742], [-13.60126781463623, -9.983567237854004, 10.01943302154541], [-16.146696090698242, -10.15427303314209, 12.910616874694824], [-15.489736557006836, -7.283191680908203, 15.427098274230957], [-12.180022239685059, -8.987858772277832, 16.52621078491211]]","[41.666666667638886, 52.77777777830247, 84.09090909105372, 72.91666666689235, 82.69230769244082, 73.07692307713017, 70.31250000018555, 71.66666666685555, 79.68750000012696, 91.1764705882872, 92.64705882357266, 90.27777777783179, 90.78947368425901, 94.44444444447531, 93.75000000003907, 94.11764705885814, 94.11764705885814, 96.87500000001954, 98.43750000000978, 99.99999999999999, 89.28571428579082, 88.46153846162721, 82.81250000010743, 76.92307692325444, 79.5454545456405, 67.500000000325, 66.66666666722222, 62.500000000625, 70.83333333381944]","[63.84, 65.66, 72.11, 80.52, 86.17, 87.3, 88.34, 88.33, 89.4, 88.26, 89.38, 88.71, 91.75, 90.18, 90.6, 90.2, 90.72, 91.26, 90.31, 88.29, 88.53, 88.37, 83.66, 79.64, 74.56, 74.67, 78.49, 72.53, 72.94]",2.647791997480899,0
3,2KEH,19,AH_MP,Peptide_Benchmark_Set/AlphaFold_Predictions/2KEH/ranked_1.pdb,Peptide_Benchmark_Set/NMR_structs/AH_MP/2KEH_19.pdb,"[[-17.139999389648438, -1.4889999628067017, 16.680999755859375], [-14.074999809265137, -3.303999900817871, 15.027999877929688], [-14.61299991607666, -2.0490000247955322, 11.388999938964844], [-13.366000175476074, 1.5829999446868896, 11.800000190734863], [-9.812000274658203, 0.5720000267028809, 12.961000442504883], [-9.112000465393066, -1.7079999446868896, 9.932000160217285], [-10.012999534606934, 1.1160000562667847, 7.460000038146973], [-6.890999794006348, 3.2079999446868896, 8.274999618530273], [-4.559000015258789, 0.16699999570846558, 7.873000144958496], [-6.291999816894531, -0.6809999942779541, 4.566999912261963], [-5.947000026702881, 2.9519999027252197, 3.3350000381469727], [-2.2780001163482666, 3.171999931335449, 4.513000011444092], [-1.475000023841858, -0.25, 2.947000026702881], [-3.134999990463257, 0.7870000004768372, -0.3540000021457672], [-1.215999960899353, 4.124000072479248, -0.4059999883174896], [2.109999895095825, 2.4130001068115234, 0.5299999713897705], [1.6030000448226929, -0.32100000977516174, -2.125], [0.9589999914169312, 2.3489999771118164, -4.810999870300293], [4.0920000076293945, 4.35099983215332, -3.7720000743865967], [6.276000022888184, 1.1690000295639038, -3.6419999599456787], [4.992000102996826, 0.18199999630451202, -7.138000011444092], [5.809000015258789, 3.680999994277954, -8.491000175476074], [9.309000015258789, 3.7009999752044678, -6.8420000076293945], [10.180000305175781, 0.17800000309944153, -8.128999710083008], [8.376999855041504, 0.7720000147819519, -11.482999801635742], [10.07800006866455, 4.1479997634887695, -12.196999549865723], [13.454999923706055, 2.305999994277954, -12.270999908447266], [12.253000259399414, 0.289000004529953, -15.347999572753906], [11.055999755859375, 3.4100000858306885, -17.22800064086914], [14.46399974822998, 5.211999893188477, -16.902000427246094], [16.020000457763672, 2.2300000190734863, -18.840999603271484], [14.545000076293945, 3.059999942779541, -22.325000762939453]]","[[-17.186006546020508, -4.195346355438232, 17.179256439208984], [-15.144657135009766, -1.7569682598114014, 15.091291427612305], [-12.291840553283691, -3.228447914123535, 13.048378944396973], [-12.841980934143066, -3.9387903213500977, 9.352777481079102], [-14.35732650756836, -0.5029720664024353, 8.737921714782715], [-12.730374336242676, 2.0832509994506836, 11.004436492919922], [-9.667274475097656, 1.8356341123580933, 8.78444766998291], [-6.961898326873779, -0.12599119544029236, 10.584277153015137], [-4.559853553771973, -0.026339083909988403, 7.652242660522461], [-6.675139904022217, 1.1512980461120605, 4.728580474853516], [-5.553166389465332, 4.7766032218933105, 4.481010437011719], [-2.0049524307250977, 3.974641799926758, 5.591831207275391], [-1.7192449569702148, 0.9931191205978394, 3.2672271728515625], [-3.21384334564209, 3.023205518722534, 0.4295463562011719], [-0.23479175567626953, 5.380735874176025, 0.27153587341308594], [2.2573537826538086, 2.624826431274414, 1.084197998046875], [1.0880470275878906, 0.46872374415397644, -1.8073921203613281], [1.6714372634887695, 3.4056484699249268, -4.139883041381836], [5.102591514587402, 4.279123306274414, -2.7488555908203125], [6.169421195983887, 0.8074684143066406, -3.8756561279296875], [4.85294246673584, 1.1506716012954712, -7.4278564453125], [6.968894004821777, 4.295008182525635, -7.753810882568359], [10.196595191955566, 2.3765408992767334, -7.145606994628906], [8.918564796447754, -0.757766842842102, -8.880870819091797], [9.09557819366455, 1.1681896448135376, -12.142486572265625], [11.088994026184082, 4.379214763641357, -11.96017074584961], [14.445176124572754, 3.918586254119873, -10.247579574584961], [15.542601585388184, 1.989413857460022, -13.335647583007812], [13.831320762634277, 1.9331334829330444, -16.732563018798828], [13.862151145935059, 3.3407602310180664, -20.26624298095703], [12.358834266662598, 3.082289218902588, -23.750213623046875], [13.345866203308105, -0.5754653215408325, -24.088153839111328]]","[64.28571428622449, 77.77777777802469, 86.36363636376034, 69.23076923100592, 78.84615384631657, 57.692307692633136, 88.3333333334111, 57.812500000263675, 85.29411764714534, 91.1764705882872, 80.88235294128894, 81.94444444454476, 87.50000000006946, 84.72222222230711, 88.23529411771626, 88.88888888895062, 88.88888888895062, 94.44444444447531, 91.66666666671296, 92.64705882357266, 85.29411764714534, 86.7647058824308, 80.00000000013333, 86.66666666675555, 75.00000000015625, 78.33333333347777, 62.50000000026785, 66.66666666694444, 77.27272727293388, 55.00000000045, 46.428571429336735, 57.142857143469385]","[54.82, 59.74, 58.94, 63.27, 62.34, 66.03, 85.5, 86.5, 87.57, 90.1, 90.72, 91.38, 93.75, 92.88, 92.03, 94.05, 93.51, 90.33, 90.64, 87.31, 84.23, 85.26, 85.4, 81.92, 77.28, 71.05, 61.08, 60.18, 62.03, 60.13, 59.54, 51.19]",3.0041831286817824,1
4,1QG9,12,AH_MP,Peptide_Benchmark_Set/AlphaFold_Predictions/1QG9/ranked_0.pdb,Peptide_Benchmark_Set/NMR_structs/AH_MP/1QG9_12.pdb,"[[6.2170000076293945, 0.9070000052452087, -12.206999778747559], [7.376999855041504, 1.9470000267028809, -8.664999961853027], [4.245999813079834, 4.178999900817871, -8.206000328063965], [1.8480000495910645, 1.1699999570846558, -8.512999534606934], [3.9059998989105225, -0.6840000152587891, -5.848999977111816], [3.687000036239624, 2.2920000553131104, -3.4240000247955322], [-0.0729999989271164, 2.871000051498413, -4.0980000495910645], [-0.6140000224113464, -0.9179999828338623, -3.7239999771118164], [1.2489999532699585, -1.0449999570846558, -0.35100001096725464], [-0.6759999990463257, 1.9759999513626099, 1.0839999914169312], [-4.001999855041504, 0.48899999260902405, -0.14499999582767487], [-3.055999994277954, -2.924999952316284, 1.3250000476837158], [-1.9320000410079956, -1.4160000085830688, 4.698999881744385], [-5.301000118255615, 0.42100000381469727, 4.892000198364258], [-7.160999774932861, -2.7909998893737793, 3.8469998836517334], [-5.374000072479248, -4.901000022888184, 6.538000106811523], [-6.171999931335449, -2.193000078201294, 9.164999961853027], [-9.89799976348877, -2.4509999752044678, 8.182999610900879], [-9.829999923706055, -6.314000129699707, 8.125], [-8.119000434875488, -6.381999969482422, 11.57699966430664], [-10.918999671936035, -4.151000022888184, 13.031000137329102]]","[[5.7270050048828125, -0.3254808187484741, -12.075657844543457], [7.418940544128418, 2.067347288131714, -9.653098106384277], [4.245107173919678, 4.159109592437744, -9.520861625671387], [1.9080638885498047, 1.579146146774292, -7.988391876220703], [3.8698630332946777, -0.6406461000442505, -5.603884220123291], [4.423789978027344, 2.0984489917755127, -3.027111053466797], [0.8080925941467285, 3.1795010566711426, -2.7867817878723145], [-0.20693731307983398, -0.4283205270767212, -3.2958316802978516], [1.3677618503570557, -0.9343360662460327, 0.11778664588928223], [-0.4927234649658203, 1.9923311471939087, 1.6302348375320435], [-3.816652774810791, 1.2342777252197266, -0.043475985527038574], [-3.609340190887451, -2.3790550231933594, 0.9797099232673645], [-2.69610595703125, -1.1205793619155884, 4.428948402404785], [-6.181671619415283, 0.33868634700775146, 4.665468215942383], [-7.486733913421631, -3.058896064758301, 3.5987205505371094], [-5.558406352996826, -4.912685871124268, 6.297059059143066], [-6.954169750213623, -2.3459391593933105, 8.728243827819824], [-10.443328857421875, -3.510045051574707, 7.7921366691589355], [-9.78903579711914, -7.205954074859619, 8.372492790222168], [-7.664487361907959, -6.242771148681641, 11.399456977844238], [-9.46603012084961, -3.463139057159424, 13.268831253051758]]","[96.87500000003905, 80.0000000002, 72.72727272752067, 99.99999999999999, 96.42857142859694, 91.07142857149235, 87.50000000007813, 98.43750000000978, 92.64705882357266, 91.66666666671296, 91.66666666671296, 97.22222222223765, 94.11764705885814, 96.87500000001954, 95.3125000000293, 100.0, 94.64285714289541, 97.91666666668402, 88.63636363646694, 95.45454545458678, 83.33333333351851]","[61.73, 78.21, 79.04, 80.42, 84.94, 84.69, 90.04, 91.6, 92.72, 90.58, 92.34, 92.16, 93.02, 92.73, 94.57, 93.51, 91.39, 92.29, 91.95, 90.12, 79.83]",0.9484570286686622,0
5,2MG1,5,AH_MP,Peptide_Benchmark_Set/AlphaFold_Predictions/2MG1/ranked_0.pdb,Peptide_Benchmark_Set/NMR_structs/AH_MP/2MG1_5.pdb,"[[-9.720000267028809, -2.6630001068115234, 14.901000022888184], [-5.810999870300293, -2.9489998817443848, 14.680999755859375], [-5.703999996185303, -3.2929999828338623, 10.795000076293945], [-7.183000087738037, 0.22200000286102295, 10.180000305175781], [-4.300000190734863, 1.812999963760376, 12.130000114440918], [-1.649999976158142, 0.164000004529953, 9.859999656677246], [-3.440999984741211, 1.340000033378601, 6.656000137329102], [-3.382999897003174, 4.960999965667725, 7.979000091552734], [0.28299999237060547, 4.736999988555908, 9.17300033569336], [1.4149999618530273, 2.9189999103546143, 5.9710001945495605], [0.06300000101327896, 5.732999801635742, 3.7219998836517334], [1.8200000524520874, 8.479999542236328, 5.744999885559082], [5.171000003814697, 6.578000068664551, 5.867000102996826], [4.822000026702881, 5.306000232696533, 2.25], [4.60699987411499, 8.829999923706055, 0.734000027179718], [7.9070000648498535, 9.878000259399414, 2.453000068664551], [9.6850004196167, 6.728000164031982, 1.1619999408721924], [8.343000411987305, 7.245999813079834, -2.4040000438690186], [9.529000282287598, 10.902999877929688, -2.382999897003174], [13.020000457763672, 9.918999671936035, -1.1039999723434448], [13.288000106811523, 7.073999881744385, -3.694999933242798], [12.067000389099121, 9.388999938964844, -6.5320000648498535], [14.63599967956543, 12.055999755859375, -5.4730000495910645], [17.391000747680664, 9.366999626159668, -5.501999855041504], [16.29800033569336, 7.8480000495910645, -8.904999732971191], [16.246000289916992, 11.331999778747559, -10.550000190734863], [19.989999771118164, 11.741999626159668, -9.77400016784668]]","[[-9.803352355957031, -3.4657821655273438, 14.219095230102539], [-6.049854755401611, -2.4318113327026367, 14.768835067749023], [-5.146552562713623, -3.3274669647216797, 11.096851348876953], [-7.339162349700928, -0.37951183319091797, 9.86121940612793], [-5.389997959136963, 2.0346248149871826, 12.153512954711914], [-1.9912066459655762, 0.8565502166748047, 10.76559066772461], [-3.396205425262451, 1.1507329940795898, 7.163982391357422], [-3.8790993690490723, 4.974348068237305, 7.667470932006836], [-0.38916540145874023, 5.723780632019043, 9.146829605102539], [1.291172742843628, 3.4237141609191895, 6.543259143829346], [0.23430109024047852, 5.87070369720459, 3.748908758163452], [2.199103355407715, 8.8057279586792, 5.286406517028809], [5.264386177062988, 6.593156337738037, 6.084179878234863], [5.017331123352051, 5.071028232574463, 2.5479867458343506], [5.164684295654297, 8.578161239624023, 0.9511619806289673], [8.581660270690918, 9.273456573486328, 2.6687352657318115], [10.060724258422852, 5.988503456115723, 1.2822871208190918], [8.597853660583496, 6.585813522338867, -2.238637924194336], [9.807857513427734, 10.26106071472168, -2.2187390327453613], [13.413097381591797, 9.233123779296875, -1.3292224407196045], [13.412906646728516, 6.769010066986084, -4.309606075286865], [11.851054191589355, 9.443912506103516, -6.635301113128662], [14.551389694213867, 11.999137878417969, -5.617740154266357], [17.514755249023438, 9.56045150756836, -6.074550151824951], [15.99057388305664, 8.451910972595215, -9.47607421875], [16.083749771118164, 12.109197616577148, -10.729486465454102], [19.73699378967285, 12.506454467773438, -9.389955520629883]]","[96.87500000003905, 94.44444444450617, 100.0, 95.83333333336806, 88.46153846162721, 96.42857142859694, 92.85714285719388, 96.66666666668888, 97.05882352942906, 100.0, 97.05882352942906, 88.23529411771626, 97.22222222223765, 98.61111111111882, 100.0, 98.52941176471454, 94.11764705885814, 98.61111111111882, 98.52941176471454, 98.43750000000978, 96.66666666668888, 100.0, 100.0, 95.83333333336806, 100.0, 95.00000000005, 94.44444444450617]","[77.49, 84.92, 87.51, 91.6, 93.06, 92.48, 92.27, 94.2, 95.21, 95.49, 94.53, 93.31, 96.23, 95.66, 94.8, 94.92, 96.25, 96.11, 95.26, 95.62, 96.03, 95.67, 94.04, 93.93, 92.2, 88.3, 73.65]",0.7532194837918537,0
6,1O53,16,AH_MP,Peptide_Benchmark_Set/AlphaFold_Predictions/1O53/ranked_0.pdb,Peptide_Benchmark_Set/NMR_structs/AH_MP/1O53_16.pdb,"[[9.256999969482422, -0.8450000286102295, -6.425000190734863], [6.218999862670898, 1.4850000143051147, -6.109000205993652], [3.9200000762939453, -1.5870000123977661, -6.434000015258789], [5.560999870300293, -3.49399995803833, -3.503999948501587], [4.933000087738037, -0.453000009059906, -1.2389999628067017], [1.25, -0.33500000834465027, -2.311000108718872], [0.9330000281333923, -4.093999862670898, -1.6130000352859497], [2.556999921798706, -3.5769999027252197, 1.8359999656677246], [0.04899999871850014, -0.8090000152587891, 2.7109999656677246], [-3.069999933242798, -2.811000108718872, 1.6699999570846558], [-1.746999979019165, -5.947000026702881, 3.4700000286102295], [-1.1200000047683716, -4.01200008392334, 6.742000102996826], [-4.815000057220459, -2.86299991607666, 6.868000030517578], [-5.943999767303467, -6.557000160217285, 6.636000156402588], [-3.9049999713897705, -7.801000118255615, 9.678000450134277]]","[[9.909754753112793, 0.14218664169311523, -6.3926472663879395], [6.212319374084473, 0.9841713905334473, -6.640903472900391], [3.4356839656829834, -1.545020580291748, -6.141665458679199], [5.754866600036621, -3.253448247909546, -3.6775693893432617], [5.245824813842773, -0.20889461040496826, -1.4726125001907349], [1.5896780490875244, -0.14247477054595947, -2.473015308380127], [0.886817216873169, -3.825289249420166, -1.9330633878707886], [2.5155832767486572, -3.402991771697998, 1.4764407873153687], [-0.24694955348968506, -0.9967637062072754, 2.493957996368408], [-3.1369028091430664, -3.2221086025238037, 1.428666353225708], [-1.3306503295898438, -6.279378414154053, 2.7871623039245605], [-0.6732604503631592, -5.014152526855469, 6.310820579528809], [-3.9537501335144043, -3.6273064613342285, 7.639139652252197], [-4.21264123916626, -7.0750250816345215, 9.217019081115723], [-7.918373107910156, -6.233503818511963, 9.354269981384277]]","[84.37500000019531, 100.0, 77.27272727293388, 97.91666666668402, 95.83333333336806, 92.30769230775148, 89.28571428579082, 91.07142857149235, 91.07142857149235, 90.38461538468935, 84.61538461550295, 91.6666666667361, 90.90909090917356, 72.22222222253086, 59.37500000050782]","[93.55, 95.56, 96.51, 96.41, 95.83, 96.07, 94.74, 96.64, 94.09, 93.42, 93.56, 93.83, 91.2, 81.0, 72.01]",1.5528545858394904,0
7,2G9P,12,AH_MP,Peptide_Benchmark_Set/AlphaFold_Predictions/2G9P/ranked_0.pdb,Peptide_Benchmark_Set/NMR_structs/AH_MP/2G9P_12.pdb,"[[13.784000396728516, 9.166000366210938, -8.977999687194824], [10.871999740600586, 11.62600040435791, -8.388999938964844], [8.534000396728516, 8.57699966430664, -8.755999565124512], [9.86400032043457, 7.052000045776367, -5.474999904632568], [8.83899974822998, 10.253000259399414, -3.571000099182129], [5.316999912261963, 10.07800006866455, -5.13700008392334], [4.872000217437744, 6.3470001220703125, -4.263999938964844], [6.079999923706055, 7.031000137329102, -0.671999990940094], [3.4509999752044678, 9.845999717712402, -0.3720000088214874], [0.5770000219345093, 7.820000171661377, -1.9459999799728394], [1.625, 4.5289998054504395, -0.2460000067949295], [1.6629999876022339, 6.184999942779541, 3.2320001125335693], [-1.8569999933242798, 7.611000061035156, 2.549999952316284], [-3.0769999027252197, 4.197000026702881, 1.2630000114440918], [-1.559999942779541, 2.4230000972747803, 4.334000110626221], [-3.138000011444092, 5.084000110626221, 6.624000072479248], [-6.578000068664551, 4.436999797821045, 5.020999908447266], [-6.078000068664551, 0.6320000290870667, 5.1620001792907715], [-4.906000137329102, 0.8130000233650208, 8.83899974822998], [-7.85699987411499, 3.1480000019073486, 9.690999984741211], [-10.253999710083008, 0.6909999847412109, 7.958000183105469], [-8.59000015258789, -2.2720000743865967, 9.755000114440918], [-8.560999870300293, -0.49900001287460327, 13.192999839782715], [-12.213000297546387, 0.6549999713897705, 12.835000038146973], [-13.244000434875488, -3.000999927520752, 12.114999771118164], [-12.375, -3.921999931335449, 15.74899959564209]]","[[11.83308219909668, 10.921321868896484, -11.213709831237793], [8.592368125915527, 9.335355758666992, -10.072676658630371], [9.10501480102539, 6.696281909942627, -7.410388946533203], [10.48099422454834, 9.33851432800293, -5.075924873352051], [7.262321472167969, 11.311408996582031, -5.333290100097656], [5.025230407714844, 8.27103042602539, -5.0823211669921875], [6.895695686340332, 7.366425037384033, -1.919992446899414], [6.719952583312988, 10.883814811706543, -0.538851261138916], [2.9724178314208984, 10.745648384094238, -1.0072836875915527], [2.435922622680664, 7.136991500854492, -0.030498504638671875], [5.20096492767334, 6.000071048736572, 2.281766414642334], [2.474910259246826, 4.086381912231445, 4.066289901733398], [-0.4989374876022339, 6.410917282104492, 3.8327503204345703], [-2.6584339141845703, 4.361977577209473, 1.4955694675445557], [-1.7948647737503052, 1.2257273197174072, 3.430636405944824], [-2.5288844108581543, 2.8244361877441406, 6.781587600708008], [-5.824641227722168, 4.102777004241943, 5.433696746826172], [-6.651608943939209, 0.6981091499328613, 4.001736640930176], [-6.078956604003906, -0.893369197845459, 7.3878493309021], [-7.88771390914917, 1.8223507404327393, 9.300126075744629], [-10.792072296142578, 1.581984043121338, 6.886880397796631], [-10.989459037780762, -2.1177453994750977, 7.644586563110352], [-10.53360366821289, -1.504995346069336, 11.351511001586914], [-13.023804664611816, 1.087888240814209, 12.534385681152344], [-13.915682792663574, -0.6621618270874023, 15.76965045928955], [-10.630213737487793, -2.5241456031799316, 16.00091552734375]]","[87.50000000015625, 95.00000000005, 82.69230769244082, 93.75000000005208, 94.2307692308136, 91.07142857149235, 95.00000000003332, 78.33333333347777, 86.7647058824308, 95.83333333335648, 66.17647058843427, 83.33333333342593, 96.25000000001874, 86.84210526322714, 81.94444444454476, 85.52631578954986, 91.1764705882872, 89.70588235300174, 87.50000000007813, 95.00000000003332, 91.07142857149235, 86.53846153856509, 98.07692307693787, 88.63636363646694, 62.500000000375, 67.500000000325]","[78.75, 83.47, 85.89, 89.32, 87.4, 88.85, 90.14, 86.3, 86.46, 88.38, 91.06, 88.17, 88.66, 90.52, 89.67, 89.47, 91.17, 90.7, 89.53, 87.98, 88.79, 89.42, 83.26, 75.95, 65.7, 56.56]",2.620674849835729,0
8,2K6O,0,AH_MP,Peptide_Benchmark_Set/AlphaFold_Predictions/2K6O/ranked_1.pdb,Peptide_Benchmark_Set/NMR_structs/AH_MP/2K6O_0.pdb,"[[18.01300048828125, 3.802999973297119, -18.718000411987305], [16.410999298095703, 0.36899998784065247, -17.902000427246094], [17.726999282836914, 0.4020000100135803, -14.272000312805176], [16.16699981689453, 3.864000082015991, -13.57800006866455], [12.857999801635742, 2.809999942779541, -15.187000274658203], [12.76200008392334, -0.32899999618530273, -12.961999893188477], [13.746999740600586, 1.7640000581741333, -9.868000030517578], [10.98799991607666, 4.366000175476074, -10.536999702453613], [8.468000411987305, 1.562000036239624, -11.236000061035156], [9.529000282287598, -0.31299999356269836, -8.031000137329102], [9.182999610900879, 2.9189999103546143, -5.982999801635742], [5.678999900817871, 3.5450000762939453, -7.438000202178955], [4.638999938964844, -0.12200000137090683, -6.896999835968018], [6.275000095367432, -0.1379999965429306, -3.4110000133514404], [4.235000133514404, 2.936000108718872, -2.2869999408721924], [0.9390000104904175, 1.4980000257492065, -3.625], [1.7680000066757202, -1.9830000400543213, -2.2260000705718994], [2.6470000743865967, -0.4410000145435333, 1.2020000219345093], [-0.7730000019073486, 1.343999981880188, 1.1510000228881836], [-2.561000108718872, -1.9470000267028809, 0.21799999475479126], [-0.6420000195503235, -3.9040000438690186, 2.936000108718872], [-1.524999976158142, -1.187999963760376, 5.493000030517578], [-5.249000072479248, -1.3990000486373901, 4.502999782562256], [-5.124000072479248, -5.23799991607666, 4.789000034332275], [-3.322000026702881, -4.9710001945495605, 8.180000305175781], [-5.861999988555908, -2.4110000133514404, 9.482999801635742], [-8.696999549865723, -4.572999954223633, 8.057999610900879], [-7.25600004196167, -7.71999979019165, 9.760000228881836], [-6.7270002365112305, -5.76200008392334, 13.034000396728516], [-10.432000160217285, -4.749000072479248, 12.885000228881836], [-11.37399959564209, -8.355999946594238, 11.755000114440918], [-9.814000129699707, -9.72599983215332, 14.947999954223633], [-12.645999908447266, -8.307000160217285, 17.14900016784668], [-13.159000396728516, -10.270000457763672, 20.315000534057617], [-12.336000442504883, -13.979000091552734, 20.270999908447266], [-10.664999961853027, -12.946999549865723, 23.590999603271484], [-13.815999984741211, -12.902999877929688, 25.691999435424805]]","[[14.979043006896973, 2.195676803588867, -20.445533752441406], [14.261029243469238, -0.983553409576416, -18.496768951416016], [17.02000617980957, -0.3702840805053711, -15.984822273254395], [15.401995658874512, 3.0205159187316895, -15.444204330444336], [12.025298118591309, 1.318420648574829, -15.12401294708252], [13.158832550048828, -0.8837375640869141, -12.293625831604004], [14.367460250854492, 2.222460985183716, -10.468221664428711], [11.060020446777344, 3.9673542976379395, -11.142687797546387], [8.852778434753418, 0.9853503704071045, -10.325591087341309], [11.00136947631836, 0.35202693939208984, -7.257946014404297], [9.824780464172363, 3.476715087890625, -5.427828311920166], [6.3341217041015625, 3.1575870513916016, -6.883878231048584], [5.852491855621338, 0.11778807640075684, -4.66011381149292], [7.156423091888428, 1.7477943897247314, -1.4908671379089355], [4.3725762367248535, 4.2940673828125, -1.965059518814087], [1.5072959661483765, 1.8586409091949463, -2.5641565322875977], [3.084294319152832, -0.9627721309661865, -0.5611133575439453], [3.081035614013672, 1.3151705265045166, 2.478928565979004], [-0.5802892446517944, 2.238895893096924, 2.054530143737793], [-1.3253673315048218, -1.4383213520050049, 1.460868239402771], [0.43124353885650635, -2.701596975326538, 4.585243225097656], [-1.422200083732605, 0.006428718566894531, 6.5049591064453125], [-4.781590938568115, -0.903631329536438, 4.973525524139404], [-4.308053493499756, -4.657835960388184, 5.36068868637085], [-3.470428466796875, -4.062488555908203, 9.022344589233398], [-7.007132053375244, -2.7262964248657227, 9.409409523010254], [-8.491528511047363, -5.680749416351318, 7.534471035003662], [-7.260396480560303, -8.181378364562988, 10.122304916381836], [-8.9903564453125, -5.984580993652344, 12.703911781311035], [-12.37188720703125, -6.193562030792236, 10.969587326049805], [-11.64400577545166, -9.814178466796875, 10.077959060668945], [-11.827160835266113, -11.574895858764648, 13.44347095489502], [-15.419285774230957, -11.527254104614258, 14.812756538391113], [-14.137618064880371, -11.61290168762207, 18.386432647705078], [-10.685081481933594, -10.551273345947266, 19.547914505004883], [-8.904438018798828, -11.91087532043457, 22.61783790588379], [-11.090272903442383, -12.04672622680664, 25.724281311035156]]","[97.22222222225308, 95.45454545458678, 93.18181818188016, 93.75000000005208, 98.07692307693787, 96.42857142859694, 87.50000000008929, 90.6250000000586, 98.52941176471454, 86.11111111118828, 90.27777777783179, 98.68421052632272, 86.84210526322714, 88.15789473690442, 93.05555555559413, 97.05882352942906, 97.36842105264543, 93.05555555559413, 94.44444444447531, 98.61111111111882, 94.44444444447531, 84.72222222230711, 93.05555555559413, 95.83333333335648, 86.7647058824308, 87.50000000006946, 87.50000000006946, 76.47058823543253, 76.47058823543253, 81.66666666678888, 91.07142857149235, 84.61538461550295, 68.18181818210743, 75.00000000022727, 56.25000000036457, 75.00000000027778, 70.83333333381944]","[71.86, 76.76, 86.61, 86.58, 84.96, 85.55, 87.51, 87.15, 86.9, 85.08, 89.74, 88.1, 89.97, 89.4, 91.91, 90.76, 93.27, 91.43, 94.78, 92.65, 91.96, 92.36, 92.21, 92.0, 90.24, 91.49, 89.36, 88.41, 85.34, 84.93, 80.7, 69.75, 62.25, 60.13, 59.0, 53.57, 47.28]",2.1943221658138903,1
9,6A5J,7,AH_MP,Peptide_Benchmark_Set/AlphaFold_Predictions/6A5J/ranked_1.pdb,Peptide_Benchmark_Set/NMR_structs/AH_MP/6A5J_7.pdb,"[[8.102999687194824, -2.9660000801086426, -4.7789998054504395], [4.215000152587891, -3.2100000381469727, -5.054999828338623], [4.184000015258789, -7.072000026702881, -4.671000003814697], [6.261000156402588, -6.910999774932861, -1.4190000295639038], [4.104000091552734, -4.11299991607666, 0.09700000286102295], [0.9300000071525574, -6.2729997634887695, -0.3269999921321869], [2.568000078201294, -9.213000297546387, 1.5679999589920044], [3.7639999389648438, -7.005000114440918, 4.4730000495910645], [0.23499999940395355, -5.443999767303467, 4.703999996185303], [-1.246000051498413, -9.005999565124512, 4.989999771118164], [1.1829999685287476, -10.031999588012695, 7.796999931335449], [0.6629999876022339, -6.728000164031982, 9.729000091552734], [-3.1459999084472656, -7.138000011444092, 9.661999702453613]]","[[3.188929319381714, -1.4801297187805176, -6.121391296386719], [3.9694783687591553, -3.5224945545196533, -3.0076775550842285], [6.680286407470703, -6.177402496337891, -3.2275872230529785], [7.267624855041504, -7.458072662353516, 0.28687095642089844], [4.775598049163818, -5.023228645324707, 1.773432731628418], [2.228032112121582, -6.816138744354248, -0.41591978073120117], [2.1936142444610596, -10.286480903625488, 1.11733877658844], [2.756351947784424, -8.309551239013672, 4.299466133117676], [-0.20221781730651855, -6.005696773529053, 3.624969959259033], [-2.3627769947052, -9.030029296875, 4.443421840667725], [-0.21399593353271484, -10.1521635055542, 7.3758440017700195], [0.8484324216842651, -7.045698642730713, 9.31189250946045], [0.688643217086792, -3.8039093017578125, 7.308340072631836]]","[50.0000000005, 58.33333333368055, 83.33333333347221, 72.91666666689235, 72.91666666689235, 81.25000000015625, 85.41666666678819, 77.08333333352431, 79.16666666684027, 79.16666666684027, 86.36363636376034, 75.00000000022727, 33.33333333388889]","[90.73, 91.31, 92.75, 95.76, 94.81, 96.05, 95.59, 97.03, 95.27, 96.61, 95.22, 92.28, 83.99]",2.6774905454684097,1
10,1B9Q,2,AH_MP,Peptide_Benchmark_Set/AlphaFold_Predictions/1B9Q/ranked_0.pdb,Peptide_Benchmark_Set/NMR_structs/AH_MP/1B9Q_2.pdb,"[[8.208999633789062, -8.654999732971191, -19.06399917602539], [10.357000350952148, -9.243000030517578, -15.890000343322754], [12.3149995803833, -5.921000003814697, -15.621000289916992], [9.663000106811523, -4.2779998779296875, -13.335000038146973], [10.350000381469727, -6.868000030517578, -10.548999786376953], [14.04699993133545, -5.793000221252441, -10.53499984741211], [13.324000358581543, -2.0139999389648438, -10.439000129699707], [14.314000129699707, -0.8309999704360962, -6.885000228881836], [11.638999938964844, 1.944000005722046, -7.144999980926514], [8.682999610900879, -0.503000020980835, -7.584000110626221], [10.116000175476074, -2.796999931335449, -4.8480000495910645], [10.21500015258789, 0.20600000023841858, -2.4140000343322754], [6.688000202178955, 1.2719999551773071, -3.505000114440918], [5.291999816894531, -2.2720000743865967, -2.868000030517578], [7.118000030517578, -2.427999973297119, 0.5339999794960022], [5.609000205993652, 0.996999979019165, 1.5049999952316284], [2.0380001068115234, -0.16599999368190765, 0.6269999742507935], [2.505000114440918, -3.5409998893737793, 2.4010000228881836], [3.8540000915527344, -1.850000023841858, 5.599999904632568], [0.9459999799728394, 0.6869999766349792, 5.568999767303467], [-1.6239999532699585, -2.125999927520752, 5.060999870300293], [-0.14499999582767487, -4.216000080108643, 7.929999828338623], [-0.1469999998807907, -1.1269999742507935, 10.246999740600586], [-3.8459999561309814, -0.5289999842643738, 9.390000343322754], [-4.742000102996826, -4.2170000076293945, 9.984999656677246], [-2.8989999294281006, -4.177000045776367, 13.359999656677246], [-4.7829999923706055, -0.9850000143051147, 14.342000007629395], [-8.112000465393066, -2.553999900817871, 13.157999992370605], [-7.328999996185303, -5.689000129699707, 15.267999649047852], [-6.5, -3.494999885559082, 18.295000076293945], [-9.847000122070312, -1.6100000143051147, 18.0049991607666], [-11.779000282287598, -4.906000137329102, 17.378000259399414], [-10.574000358581543, -6.224999904632568, 20.80900001525879], [-12.194000244140625, -3.252000093460083, 22.652999877929688]]","[[6.692883014678955, -6.364569664001465, -13.838930130004883], [9.795117378234863, -8.53933334350586, -14.54585075378418], [12.05784797668457, -6.95034122467041, -17.241653442382812], [15.019556045532227, -8.92651081085205, -15.781217575073242], [13.096174240112305, -10.984027862548828, -13.13607406616211], [13.262710571289062, -7.942841529846191, -10.780611038208008], [11.699007034301758, -4.7307329177856445, -12.32591438293457], [13.417743682861328, -1.9671657085418701, -10.281570434570312], [10.290120124816895, 0.27199292182922363, -10.185737609863281], [7.2561492919921875, 0.5701544284820557, -7.796645641326904], [8.642757415771484, -2.2075002193450928, -5.465907573699951], [10.826653480529785, 0.16704702377319336, -3.3459043502807617], [7.866280555725098, 2.6369826793670654, -3.450857639312744], [5.2957258224487305, -0.05579662322998047, -2.403104782104492], [7.573476791381836, -1.022825837135315, 0.5801055431365967], [6.7288312911987305, 2.3919246196746826, 2.1543703079223633], [2.980834484100342, 2.2437798976898193, 1.229306936264038], [2.6863627433776855, -1.0455355644226074, 3.214874744415283], [4.40862512588501, 0.5320687294006348, 6.299618244171143], [1.2370519638061523, 2.660437822341919, 6.8597002029418945], [-1.2025737762451172, -0.266745924949646, 6.208215713500977], [0.4568469524383545, -2.3736302852630615, 9.003067016601562], [0.29471540451049805, -0.12723004817962646, 12.143318176269531], [-3.285463809967041, 1.0832865238189697, 11.33828353881836], [-4.318655490875244, -2.589395046234131, 10.776350021362305], [-2.8984594345092773, -3.655377149581909, 14.199085235595703], [-4.959167003631592, -0.8658123016357422, 15.88998031616211], [-8.101329803466797, -2.344121217727661, 14.223722457885742], [-7.211198329925537, -5.7950286865234375, 15.723360061645508], [-7.163890361785889, -4.285904884338379, 19.26296043395996], [-10.281209945678711, -2.1374731063842773, 18.51222801208496], [-12.142280578613281, -5.285901069641113, 17.276681900024414], [-13.470098495483398, -8.028244018554688, 19.61857795715332], [-13.790155410766602, -11.22762680053711, 17.501161575317383]]","[25.00000000057692, 47.72727272774793, 67.500000000325, 62.500000000375, 55.00000000045, 67.85714285737244, 51.78571428605867, 55.0000000003, 56.250000000273445, 66.66666666685185, 68.05555555573302, 67.18750000020508, 68.75000000019533, 82.3529411765744, 79.41176470600347, 75.00000000014705, 82.81250000010743, 94.11764705885814, 82.3529411765744, 77.941176470718, 86.7647058824308, 95.5882352941436, 82.3529411765744, 87.50000000007813, 91.66666666671296, 90.6250000000586, 84.37500000009767, 92.85714285719388, 92.85714285719388, 78.84615384631657, 87.50000000010417, 97.7272727272934, 63.888888889290115, 66.66666666703703]","[39.84, 61.41, 60.99, 59.25, 61.32, 67.04, 70.91, 77.63, 82.89, 82.2, 84.59, 86.94, 87.71, 85.67, 88.52, 91.38, 89.51, 89.13, 91.05, 90.25, 86.04, 84.47, 87.75, 83.26, 83.87, 83.91, 80.75, 78.41, 81.23, 78.83, 76.92, 79.45, 72.84, 58.63]",3.259030122055285,0
11,2JTW,4,AH_MP,Peptide_Benchmark_Set/AlphaFold_Predictions/2JTW/ranked_2.pdb,Peptide_Benchmark_Set/NMR_structs/AH_MP/2JTW_4.pdb,"[[5.038000106811523, -0.14300000667572021, -19.16900062561035], [5.321000099182129, -1.5130000114440918, -15.48799991607666], [6.511000156402588, 1.5750000476837158, -13.486000061035156], [3.0969998836517334, 3.3420000076293945, -13.38599967956543], [1.2430000305175781, 0.20000000298023224, -12.12399959564209], [3.4059998989105225, 0.028999999165534973, -8.95300006866455], [2.6989998817443848, 3.73799991607666, -8.1899995803833], [-1.0160000324249268, 3.2739999294281006, -9.057000160217285], [-1.2450000047683716, 0.18000000715255737, -6.758999824523926], [0.11100000143051147, 2.2699999809265137, -3.815999984741211], [-2.372999906539917, 5.109000205993652, -4.456999778747559], [-5.208000183105469, 2.5869998931884766, -5.0289998054504395], [-4.381999969482422, 0.75, -1.753000020980835], [-4.455999851226807, 4.133999824523926, 0.10100000351667404], [-7.745999813079834, 5.099999904632568, -1.656999945640564], [-9.222000122070312, 1.6510000228881836, -0.8349999785423279], [-8.130999565124512, 1.8070000410079956, 2.8499999046325684], [-9.583999633789062, 5.355000019073486, 3.0409998893737793], [-12.795000076293945, 4.2769999504089355, 1.222000002861023], [-13.128000259399414, 1.2339999675750732, 3.561000108718872], [-12.635000228881836, 3.4619998931884766, 6.666999816894531], [-15.071999549865723, 6.105000019073486, 5.267000198364258], [-17.67300033569336, 3.4240000247955322, 4.283999919891357], [-17.447999954223633, 1.9459999799728394, 7.8379998207092285], [-18.31999969482422, 5.340000152587891, 9.437000274658203]]","[[7.993873596191406, 0.3976627588272095, -17.195812225341797], [4.523166656494141, 1.7577552795410156, -16.445213317871094], [3.9406652450561523, -0.986630916595459, -13.872058868408203], [1.4105095863342285, 1.3398585319519043, -12.23048210144043], [-0.6346116065979004, -1.8071930408477783, -11.64177417755127], [1.2831320762634277, -2.1844522953033447, -8.421625137329102], [2.857668876647949, 1.2507637739181519, -8.265945434570312], [-0.40317487716674805, 3.072006940841675, -8.787503242492676], [-1.9198970794677734, 0.6302154064178467, -6.321979999542236], [-0.24619674682617188, 2.5880789756774902, -3.5353856086730957], [-1.9684233665466309, 5.6223626136779785, -4.939914226531982], [-5.515198707580566, 4.331378936767578, -5.0683135986328125], [-4.8977131843566895, 2.112494468688965, -2.111685276031494], [-3.7589197158813477, 4.960565567016602, 0.11570072174072266], [-6.821063995361328, 6.762022972106934, -1.147141933441162], [-8.72802734375, 3.5468697547912598, -0.5419297218322754], [-7.793515205383301, 4.151291847229004, 3.067021369934082], [-10.214380264282227, 7.070013999938965, 2.9442081451416016], [-13.351566314697266, 5.172930717468262, 2.1534600257873535], [-11.814330101013184, 2.554889440536499, 4.365883827209473], [-11.626656532287598, 5.055411338806152, 7.200901985168457], [-15.136238098144531, 6.329802513122559, 6.425684928894043], [-17.05306625366211, 3.293321132659912, 5.120916366577148], [-14.992648124694824, 0.18158316612243652, 4.611227035522461], [-18.141382217407227, -1.9700043201446533, 4.630767822265625]]","[68.75000000039063, 67.500000000325, 84.09090909105372, 62.50000000026785, 83.33333333344444, 88.3333333334111, 81.66666666678888, 87.50000000007813, 86.84210526322714, 87.50000000006946, 86.11111111118828, 88.15789473690442, 85.00000000007499, 83.75000000008124, 86.25000000006874, 83.75000000008124, 91.1764705882872, 87.50000000007813, 76.5625000001465, 82.81250000010743, 90.38461538468935, 83.33333333347221, 93.75000000005208, 46.15384615426035, 55.55555555604938]","[53.01, 61.53, 66.28, 68.68, 70.63, 74.54, 81.81, 83.26, 85.01, 88.04, 87.45, 88.45, 89.85, 88.64, 89.74, 89.77, 89.31, 89.33, 89.37, 89.29, 82.58, 85.32, 77.88, 65.81, 51.79]",2.8607950204439407,2
12,6HZ2,18,AH_MP,Peptide_Benchmark_Set/AlphaFold_Predictions/6HZ2/ranked_0.pdb,Peptide_Benchmark_Set/NMR_structs/AH_MP/6HZ2_18.pdb,"[[8.722999572753906, 4.309999942779541, -17.606000900268555], [5.084000110626221, 3.3410000801086426, -18.458999633789062], [5.4120001792907715, 0.23100000619888306, -16.187000274658203], [5.804999828338623, 2.497999906539917, -13.097999572753906], [2.4539999961853027, 4.261000156402588, -13.843000411987305], [0.6159999966621399, 0.9179999828338623, -14.279000282287598], [2.181999921798706, -0.5109999775886536, -11.074999809265137], [1.3170000314712524, 2.7249999046325684, -9.15999984741211], [-2.239000082015991, 2.6579999923706055, -10.633999824523926], [-2.7070000171661377, -1.0399999618530273, -9.70300006866455], [-1.2419999837875366, -0.47200000286102295, -6.184999942779541], [-3.5989999771118164, 2.5399999618530273, -5.751999855041504], [-6.599999904632568, 0.5230000019073486, -7.0329999923706055], [-5.751999855041504, -2.4649999141693115, -4.751999855041504], [-5.232999801635742, -0.13199999928474426, -1.7319999933242798], [-8.54800033569336, 1.6230000257492065, -2.5799999237060547], [-10.42199993133545, -1.7020000219345093, -2.9830000400543213], [-8.897000312805176, -3.072000026702881, 0.2680000066757202], [-9.942000389099121, 0.17800000309944153, 2.056999921798706], [-13.524999618530273, 0.02500000037252903, 0.6349999904632568], [-13.692000389099121, -3.680000066757202, 1.6100000143051147], [-12.307000160217285, -3.007999897003174, 5.119999885559082], [-14.755000114440918, -0.04100000113248825, 5.461999893188477], [-17.687000274658203, -2.2820000648498535, 4.324999809265137], [-16.764999389648438, -5.083000183105469, 6.798999786376953], [-15.680000305175781, -2.877000093460083, 9.791000366210938], [-19.072999954223633, -1.034000039100647, 9.781999588012695]]","[[8.301182746887207, 5.759172439575195, -15.249847412109375], [6.595489501953125, 2.389174461364746, -15.814125061035156], [5.732898712158203, 2.069894790649414, -12.070327758789062], [3.5400390625, 5.190190315246582, -12.396516799926758], [1.0468425750732422, 3.2954025268554688, -14.54233169555664], [1.4638690948486328, -0.3933286666870117, -13.502102851867676], [1.1743745803833008, 0.33441925048828125, -9.724777221679688], [-1.5001764297485352, 3.001643657684326, -10.403797149658203], [-3.6284046173095703, 0.13550949096679688, -11.723834037780762], [-2.6130495071411133, -2.905611515045166, -9.654813766479492], [-1.951136589050293, -1.3636856079101562, -6.194570541381836], [-4.8134565353393555, 1.1448101997375488, -6.647025108337402], [-7.121792793273926, -1.8616843223571777, -7.054584980010986], [-5.3731794357299805, -4.058312892913818, -4.434466361999512], [-5.122485160827637, -1.4592318534851074, -1.6357364654541016], [-7.0037946701049805, 1.7466869354248047, -2.6691322326660156], [-10.318427085876465, 0.4323887825012207, -4.0575361251831055], [-9.892630577087402, -2.4605917930603027, -1.609696388244629], [-9.873881340026855, 0.05414104461669922, 1.3291730880737305], [-12.984091758728027, 1.8510422706604004, -0.022528648376464844], [-14.88601016998291, -1.44325590133667, -0.5292730331420898], [-13.749468803405762, -2.9083638191223145, 2.819247245788574], [-14.207324028015137, 0.32998180389404297, 4.870974540710449], [-17.411720275878906, -0.7223978042602539, 6.6852006912231445], [-16.373966217041016, -4.408705234527588, 6.827500343322754], [-12.770651817321777, -4.286327838897705, 8.128581047058105], [-13.331067085266113, -1.0309691429138184, 10.06432819366455]]","[96.87500000003905, 93.18181818188016, 78.84615384631657, 84.61538461550295, 96.42857142859694, 95.00000000003332, 73.52941176486159, 77.77777777790124, 88.88888888895062, 94.44444444447531, 78.75000000010625, 69.04761904776645, 81.25000000009375, 86.25000000006874, 84.52380952388322, 71.73913043490549, 71.25000000014376, 72.5000000001375, 84.21052631587257, 85.29411764714534, 81.2500000001172, 87.50000000007813, 90.00000000006666, 66.66666666694444, 83.33333333347221, 71.15384615406805, 70.83333333357639]","[76.23, 79.49, 80.13, 89.32, 88.71, 89.16, 91.5, 90.87, 91.42, 91.35, 90.22, 92.17, 90.64, 92.84, 90.84, 90.87, 90.58, 90.75, 88.08, 86.76, 87.25, 87.75, 81.99, 82.49, 77.3, 71.84, 54.65]",2.6642222388512686,0
13,6RRO,2,AH_MP,Peptide_Benchmark_Set/AlphaFold_Predictions/6RRO/ranked_0.pdb,Peptide_Benchmark_Set/NMR_structs/AH_MP/6RRO_2.pdb,"[[-3.927999973297119, -2.555999994277954, -1.0920000076293945], [-0.33899998664855957, -3.8989999294281006, -1.590999960899353], [1.534999966621399, -0.5130000114440918, -1.6169999837875366], [1.0369999408721924, 0.5099999904632568, 2.0759999752044678], [2.4820001125335693, -2.806999921798706, 3.437000036239624], [5.98799991607666, -2.055999994277954, 2.0429999828338623], [6.39300012588501, 1.3020000457763672, 3.861999988555908], [6.011000156402588, -0.2370000034570694, 7.408999919891357], [9.36299991607666, -2.1519999504089355, 7.315999984741211], [11.743000030517578, 0.8349999785423279, 6.826000213623047], [10.746999740600586, 2.5350000858306885, 10.152000427246094]]","[[-2.9799423217773438, -2.9422452449798584, -1.0017966032028198], [0.8022689819335938, -3.2736082077026367, -0.9584290981292725], [2.3968095779418945, 0.15850138664245605, -0.5854778289794922], [1.2068843841552734, 0.5341105461120605, 3.007984161376953], [2.7507572174072266, -2.873196601867676, 3.691775321960449], [6.229374885559082, -2.132720947265625, 2.341388702392578], [6.196629524230957, 1.375572681427002, 3.8140034675598145], [5.366799354553223, 0.04863166809082031, 7.281452178955078], [8.232198715209961, -2.4218173027038574, 6.894659996032715], [10.8381986618042, 0.08629322052001953, 5.719525337219238], [9.992022514343262, 2.402479648590088, 8.615918159484863]]","[78.12500000027343, 60.0000000004, 65.00000000035, 75.00000000025, 80.0000000002, 75.00000000025, 77.500000000225, 75.00000000025, 62.500000000375, 63.888888889290115, 55.55555555604938]","[79.73, 82.57, 86.38, 87.47, 86.88, 84.12, 89.62, 81.72, 88.93, 85.36, 66.57]",1.1377443780320777,0
14,3MRA,2,AH_MP,Peptide_Benchmark_Set/AlphaFold_Predictions/3MRA/ranked_2.pdb,Peptide_Benchmark_Set/NMR_structs/AH_MP/3MRA_2.pdb,"[[-9.987000465393066, -4.252999782562256, 10.123000144958496], [-10.083999633789062, -6.01800012588501, 6.673999786376953], [-10.034000396728516, -2.7170000076293945, 4.677000045776367], [-7.086999893188477, -1.3079999685287476, 6.697000026702881], [-4.85699987411499, -4.322999954223633, 5.855999946594238], [-5.861000061035156, -4.076000213623047, 2.1500000953674316], [-4.908999919891357, -0.33899998664855957, 2.052999973297119], [-1.524999976158142, -1.1180000305175781, 3.7160000801086426], [-0.8090000152587891, -3.881999969482422, 1.1319999694824219], [-1.9470000267028809, -1.625, -1.7829999923706055], [0.32100000977516174, 1.2289999723434448, -0.5090000033378601], [3.316999912261963, -1.1729999780654907, -0.37700000405311584], [2.5290000438690186, -2.384000062942505, -3.947000026702881], [2.0920000076293945, 1.2280000448226929, -5.242000102996826], [5.521999835968018, 2.184999942779541, -3.7760000228881836], [7.093999862670898, -0.8960000276565552, -5.465000152587891], [5.374000072479248, -0.03400000184774399, -8.814000129699707], [6.436999797821045, 3.6689999103546143, -8.534000396728516], [10.071000099182129, 2.625999927520752, -7.795000076293945], [10.041000366210938, 0.17900000512599945, -10.77299976348877], [8.383000373840332, 2.822999954223633, -13.017999649047852], [11.0600004196167, 5.4079999923706055, -11.916999816894531], [13.942999839782715, 2.8949999809265137, -12.454000473022461], [12.680000305175781, 1.9850000143051147, -15.979999542236328], [11.946000099182129, 5.656000137329102, -16.929000854492188]]","[[-12.005485534667969, -1.7863820791244507, 10.608840942382812], [-10.23664665222168, -4.814879417419434, 9.18470573425293], [-10.336122512817383, -4.53001070022583, 5.420612335205078], [-8.124706268310547, -1.5867093801498413, 6.295383453369141], [-5.199153900146484, -3.9438748359680176, 6.73095703125], [-5.1891984939575195, -4.6215009689331055, 3.01092267036438], [-4.248149871826172, -1.032234787940979, 2.2659752368927], [-0.8355515003204346, -1.9448343515396118, 3.6255085468292236], [-0.2970447540283203, -4.270374774932861, 0.6884591579437256], [-1.962372064590454, -1.9135469198226929, -1.7549437284469604], [0.5671498775482178, 0.6574883460998535, -0.6055033206939697], [3.368952751159668, -1.719103455543518, -1.4921817779541016], [1.9760020971298218, -2.6803526878356934, -4.8768768310546875], [1.752013921737671, 0.9614496231079102, -5.884636878967285], [5.100249290466309, 1.9246903657913208, -4.417636394500732], [6.699448585510254, -1.081825613975525, -6.069879531860352], [5.343815803527832, -0.09029286354780197, -9.461203575134277], [6.430999755859375, 3.4387803077697754, -8.634843826293945], [9.974761962890625, 2.2850396633148193, -7.987906455993652], [10.125008583068848, 0.2888341546058655, -11.198535919189453], [8.790553092956543, 3.3215789794921875, -13.022588729858398], [11.208429336547852, 5.9046711921691895, -11.693251609802246], [14.052177429199219, 3.455580234527588, -12.111631393432617], [13.041553497314453, 3.0298075675964355, -15.732608795166016], [13.713319778442383, 6.485002040863037, -17.12213706970215]]","[67.85714285760204, 72.22222222253086, 75.00000000025, 81.8181818183471, 79.16666666684027, 89.28571428579082, 91.66666666672222, 85.9375000000879, 85.29411764714534, 92.64705882357266, 95.5882352941436, 90.27777777783179, 97.05882352942906, 98.52941176471454, 100.0, 98.52941176471454, 95.5882352941436, 95.3125000000293, 95.3125000000293, 98.21428571429847, 96.15384615387575, 98.07692307693787, 100.0, 100.0, 71.87500000035156]","[66.87, 81.73, 87.41, 89.77, 92.74, 92.89, 93.28, 93.29, 95.3, 94.55, 94.89, 94.54, 95.47, 95.07, 94.19, 94.24, 93.67, 92.96, 92.46, 91.3, 86.04, 82.71, 78.6, 63.81, 54.45]",1.2794705895390905,2
15,2L5R,0,AH_MP,Peptide_Benchmark_Set/AlphaFold_Predictions/2L5R/ranked_0.pdb,Peptide_Benchmark_Set/NMR_structs/AH_MP/2L5R_0.pdb,"[[-7.132999897003174, -8.413999557495117, 9.656999588012695], [-5.9720001220703125, -4.89300012588501, 8.569999694824219], [-2.3559999465942383, -6.234000205993652, 8.284000396728516], [-3.378999948501587, -8.447999954223633, 5.302999973297119], [-4.991000175476074, -5.423999786376953, 3.5269999504089355], [-1.9210000038146973, -3.2079999446868896, 4.13700008392334], [0.5210000276565552, -6.019000053405762, 3.115000009536743], [-1.5, -6.565999984741211, -0.10499999672174454], [-2.128999948501587, -2.819000005722046, -0.8080000281333923], [1.4229999780654907, -1.6130000352859497, 0.026000000536441803], [2.9159998893737793, -4.551000118255615, -1.9600000381469727], [0.9269999861717224, -3.371000051498413, -5.035999774932861], [1.8559999465942383, 0.3190000057220459, -4.460000038146973], [5.590000152587891, -0.4830000102519989, -4.0279998779296875], [5.541999816894531, -2.6110000610351562, -7.245999813079834], [3.872999906539917, 0.2549999952316284, -9.204000473022461], [6.186999797821045, 2.9240000247955322, -7.676000118255615], [9.23799991607666, 0.6449999809265137, -8.20300006866455], [8.199000358581543, 0.15199999511241913, -11.871000289916992], [7.979000091552734, 3.9749999046325684, -12.22599983215332], [11.348999977111816, 4.665999889373779, -10.45199966430664], [13.154000282287598, 1.815000057220459, -12.286999702453613], [11.85099983215332, 3.2699999809265137, -15.62399959564209]]","[[-6.615562438964844, -7.274166107177734, 9.866567611694336], [-4.1247076988220215, -4.541621685028076, 8.939921379089355], [-1.6299524307250977, -7.180332183837891, 7.706395149230957], [-3.7407774925231934, -8.161806106567383, 4.675109386444092], [-4.399816513061523, -4.483197212219238, 3.9090943336486816], [-0.7324099540710449, -3.5175552368164062, 4.3032965660095215], [0.8996360301971436, -6.513486862182617, 2.6160531044006348], [-1.5032200813293457, -6.683249473571777, -0.3488481044769287], [-2.105086326599121, -2.931060791015625, -0.6861163377761841], [1.5527178049087524, -1.876720905303955, -0.6794635057449341], [2.4688761234283447, -5.104988098144531, -2.5292978286743164], [0.41315770149230957, -4.0311431884765625, -5.556326389312744], [0.9206037521362305, -0.2565732002258301, -5.353881359100342], [4.690702438354492, -0.304080605506897, -4.699880123138428], [5.147070407867432, -2.0217678546905518, -8.077943801879883], [2.910043716430664, 0.41490864753723145, -9.985673904418945], [4.497565746307373, 3.4347951412200928, -8.254684448242188], [8.14711856842041, 2.458557367324829, -7.702242374420166], [8.456165313720703, 0.8061308860778809, -11.151938438415527], [8.764559745788574, 4.278341293334961, -12.70921802520752], [11.670077323913574, 5.108554840087891, -10.363808631896973], [13.023880004882812, 1.6212689876556396, -9.503024101257324], [12.513357162475586, 0.1261916160583496, -12.981091499328613]]","[97.22222222225308, 97.500000000025, 100.0, 94.2307692308136, 98.07692307693787, 100.0, 99.99999999999999, 100.0, 97.05882352942906, 90.78947368425901, 91.66666666671296, 89.47368421058172, 90.78947368425901, 89.47368421058172, 88.23529411771626, 87.50000000007813, 91.66666666672222, 87.50000000008929, 88.46153846162721, 81.8181818183471, 87.500000000125, 76.92307692325444, 65.90909090940083]","[89.13, 95.31, 92.41, 95.16, 95.16, 96.12, 93.11, 93.46, 92.91, 93.07, 92.12, 94.07, 93.92, 93.71, 91.85, 95.56, 95.92, 90.44, 92.1, 93.47, 90.82, 79.78, 75.44]",1.5505455151168286,0
16,2NCW,2,AH_MP,Peptide_Benchmark_Set/AlphaFold_Predictions/2NCW/ranked_0.pdb,Peptide_Benchmark_Set/NMR_structs/AH_MP/2NCW_2.pdb,"[[9.027999877929688, -3.7950000762939453, -12.817999839782715], [10.13599967956543, -0.5860000252723694, -10.935999870300293], [6.585999965667725, 0.8289999961853027, -10.310999870300293], [5.435999870300293, -2.2160000801086426, -8.239999771118164], [8.151000022888184, -1.6929999589920044, -5.561999797821045], [7.2270002365112305, 1.9809999465942383, -4.953999996185303], [3.513000011444092, 1.0740000009536743, -4.5920000076293945], [4.324999809265137, -1.843999981880188, -2.2079999446868896], [6.659999847412109, 0.41999998688697815, -0.14900000393390656], [4.073999881744385, 3.236999988555908, 0.004999999888241291], [1.284000039100647, 0.656000018119812, 0.699999988079071], [3.236999988555908, -0.8769999742507935, 3.640000104904175], [3.9000000953674316, 2.6080000400543213, 5.10699987411499], [0.23999999463558197, 3.6700000762939453, 4.677000045776367], [-0.953000009059906, 0.27799999713897705, 6.039999961853027], [1.156999945640564, 0.8220000267028809, 9.218000411987305], [0.03700000047683716, 4.478000164031982, 9.472999572753906], [-3.694999933242798, 3.7209999561309814, 8.906999588012695], [-3.4200000762939453, 0.6380000114440918, 11.159000396728516], [-1.9769999980926514, 2.9489998817443848, 13.911999702453613], [-4.61299991607666, 5.686999797821045, 13.338000297546387], [-7.683000087738037, 3.374000072479248, 12.932999610900879], [-6.690000057220459, 0.7670000195503235, 15.605999946594238], [-6.883999824523926, 3.628999948501587, 18.117000579833984]]","[[-1.2644526958465576, -1.9644948244094849, -8.044093132019043], [1.5308494567871094, -2.881586790084839, -10.453851699829102], [3.664881706237793, 0.15980267524719238, -9.63840389251709], [3.9565505981445312, -1.0865132808685303, -6.056859970092773], [7.699970245361328, -1.1291320323944092, -6.729818344116211], [7.631817817687988, 2.612518548965454, -6.053262710571289], [5.454097747802734, 2.1619837284088135, -2.9681477546691895], [7.3022966384887695, -0.6625323295593262, -1.2146201133728027], [9.89880084991455, 2.0034124851226807, -0.43404245376586914], [7.6453142166137695, 3.7408649921417236, 2.087372303009033], [5.2034406661987305, 0.8476297855377197, 2.455361843109131], [7.790753364562988, -0.5500009059906006, 4.8706440925598145], [7.0991716384887695, 2.3615591526031494, 7.21795129776001], [3.5880260467529297, 3.314796209335327, 6.108161449432373], [2.2236480712890625, -0.02932882308959961, 7.302463054656982], [2.5632271766662598, 1.3709051609039307, 10.82387924194336], [-0.035063743591308594, 4.005006790161133, 9.940292358398438], [-2.345080852508545, 1.6807610988616943, 8.007673263549805], [-3.0868735313415527, -0.15015387535095215, 11.258586883544922], [-4.47528076171875, 3.1580564975738525, 12.522371292114258], [-5.955348491668701, 4.3274078369140625, 9.217851638793945], [-7.8774566650390625, 1.1392838954925537, 8.437185287475586], [-9.143228530883789, 0.844430685043335, 12.011884689331055], [-9.994056701660156, 4.532318115234375, 12.393438339233398]]","[75.00000000025, 69.44444444478395, 85.00000000015, 82.1428571429847, 75.0000000001923, 71.42857142877551, 82.3529411765744, 91.1764705882872, 66.17647058843427, 82.3529411765744, 84.52380952388322, 70.31250000018555, 72.05882352957613, 84.21052631587257, 82.8947368421953, 77.941176470718, 85.29411764714534, 85.29411764714534, 78.57142857158162, 78.84615384631657, 87.50000000010417, 93.18181818188016, 85.00000000015, 88.88888888901234]","[66.09, 67.96, 75.36, 80.07, 81.7, 84.65, 89.24, 90.39, 91.72, 91.21, 92.15, 92.24, 92.77, 92.69, 92.18, 92.17, 93.62, 93.8, 91.56, 90.17, 90.78, 90.44, 79.9, 71.81]",4.528031600096481,0
17,2OJO,9,AH_MP,Peptide_Benchmark_Set/AlphaFold_Predictions/2OJO/ranked_1.pdb,Peptide_Benchmark_Set/NMR_structs/AH_MP/2OJO_9.pdb,"[[-13.291000366210938, -1.0509999990463257, 13.845000267028809], [-9.503999710083008, -1.6720000505447388, 13.267000198364258], [-10.057999610900879, -4.627999782562256, 10.854000091552734], [-11.949999809265137, -2.3359999656677246, 8.395999908447266], [-9.170000076293945, 0.3310000002384186, 8.489999771118164], [-6.484000205993652, -2.4049999713897705, 8.156000137329102], [-8.251999855041504, -3.8919999599456787, 5.078000068664551], [-8.461000442504883, -0.3959999978542328, 3.5220000743865967], [-4.730000019073486, 0.34700000286102295, 4.188000202178955], [-3.625999927520752, -3.124000072479248, 2.9130001068115234], [-5.745999813079834, -2.5959999561309814, -0.24400000274181366], [-4.182000160217285, 0.8579999804496765, -0.8930000066757202], [-0.6629999876022339, -0.4189999997615814, -0.04600000008940697], [-1.0950000286102295, -3.375, -2.493000030517578], [-2.305000066757202, -1.00600004196167, -5.26800012588501], [0.628000020980835, 1.4129999876022339, -4.664000034332275], [3.111999988555908, -1.503000020980835, -4.401000022888184], [1.8919999599456787, -2.8320000171661377, -7.802999973297119], [2.2179999351501465, 0.6890000104904175, -9.312000274658203], [5.756999969482422, 1.1959999799728394, -7.857999801635742], [7.111000061035156, -2.3350000381469727, -8.614999771118164], [5.676000118255615, -2.365000009536743, -12.196999549865723]]","[[-14.126913070678711, -1.5783416032791138, 12.599812507629395], [-10.468132972717285, -2.632295846939087, 12.964385986328125], [-10.954896926879883, -4.952883243560791, 9.968149185180664], [-11.600303649902344, -1.88503098487854, 7.786921501159668], [-8.684202194213867, 0.3931499123573303, 8.729299545288086], [-6.434283256530762, -2.6743316650390625, 8.475540161132812], [-7.898014068603516, -3.6060240268707275, 5.069518566131592], [-8.00026798248291, 0.03586272895336151, 3.9030990600585938], [-4.352078437805176, 0.863005518913269, 4.696249008178711], [-3.112231731414795, -2.582329511642456, 3.591076374053955], [-4.6856279373168945, -2.3392367362976074, 0.11291193962097168], [-3.6429860591888428, 1.2669122219085693, -0.6199705600738525], [-0.10747385025024414, 0.09604974091053009, 0.2501589059829712], [-0.2001185417175293, -3.2571070194244385, -1.5905643701553345], [-1.7559237480163574, -1.6547290086746216, -4.698667526245117], [0.5687379837036133, 1.3451426029205322, -5.038453102111816], [3.397543430328369, -1.1318385601043701, -4.4891581535339355], [1.7881321907043457, -3.0422961711883545, -7.363700866699219], [1.440352439880371, 0.10767228901386261, -9.482438087463379], [5.0004401206970215, 1.2310221195220947, -8.706124305725098], [6.357269763946533, -2.3148252964019775, -9.012529373168945], [4.347975254058838, -2.788546562194824, -12.230517387390137]]","[94.44444444450617, 100.0, 100.0, 92.30769230775148, 100.0, 100.0, 96.66666666668888, 96.87500000001954, 98.52941176471454, 98.61111111111882, 90.78947368425901, 96.05263157896815, 100.0, 98.61111111111882, 92.18750000004884, 93.33333333337777, 100.0, 96.15384615387575, 95.83333333336806, 97.7272727272934, 88.63636363646694, 90.0000000001]","[83.12, 89.79, 90.75, 92.1, 94.22, 95.56, 95.37, 94.39, 96.43, 96.15, 95.4, 96.07, 96.26, 95.77, 95.5, 96.25, 95.69, 94.71, 95.36, 94.79, 92.44, 78.37]",0.9657278432477403,1
18,6GS9,19,AH_MP,Peptide_Benchmark_Set/AlphaFold_Predictions/6GS9/ranked_3.pdb,Peptide_Benchmark_Set/NMR_structs/AH_MP/6GS9_19.pdb,"[[-9.781000137329102, 2.819000005722046, 6.270999908447266], [-8.810999870300293, 5.184000015258789, 3.381999969482422], [-5.123000144958496, 4.533999919891357, 4.289999961853027], [-5.482999801635742, 0.8050000071525574, 3.3510000705718994], [-6.6479997634887695, 1.7100000381469727, -0.20100000500679016], [-3.7290000915527344, 4.177000045776367, -0.6430000066757202], [-1.2079999446868896, 1.496000051498413, 0.5139999985694885], [-2.630000114440918, -1.0429999828338623, -2.0], [-2.4749999046325684, 1.5920000076293945, -4.781000137329102], [1.1139999628067017, 2.678999900817871, -3.8589999675750732], [2.2290000915527344, -1.0010000467300415, -3.5810000896453857], [0.7179999947547913, -1.8049999475479126, -7.019000053405762], [2.119999885559082, 1.3819999694824219, -8.682999610900879], [5.565000057220459, 1.0549999475479126, -6.978000164031982], [6.03000020980835, -2.5450000762939453, -8.315999984741211], [5.806000232696533, -1.3650000095367432, -11.98900032043457]]","[[-10.384830474853516, 3.767099380493164, 6.16046667098999], [-8.280487060546875, 5.487222194671631, 3.528472423553467], [-4.752338409423828, 4.18044900894165, 4.167387962341309], [-5.0432281494140625, 0.3992929458618164, 3.929723024368286], [-6.928794860839844, 0.8944921493530273, 0.6601300239562988], [-4.629341125488281, 3.5730514526367188, -0.756831169128418], [-1.671213150024414, 1.435882568359375, 0.3099551200866699], [-2.557619094848633, -1.031442642211914, -2.44236421585083], [-2.787891387939453, 1.7341995239257812, -5.0395989418029785], [0.6171226501464844, 3.282454490661621, -4.353879451751709], [1.9937820434570312, -0.10119915008544922, -3.3330044746398926], [1.080963134765625, -1.5157184600830078, -6.733545780181885], [2.976217269897461, 1.2735309600830078, -8.489219665527344], [6.137948989868164, 0.1307058334350586, -6.730599880218506], [6.18487548828125, -2.9312076568603516, -8.966720581054688], [5.73881721496582, -0.9048042297363281, -12.152372360229492]]","[87.50000000015625, 90.0000000001, 88.63636363646694, 87.50000000010417, 87.50000000010417, 92.30769230775148, 93.33333333337777, 95.00000000003332, 91.66666666672222, 91.07142857149235, 89.28571428579082, 96.15384615387575, 87.50000000010417, 87.500000000125, 83.33333333351851, 97.22222222225308]","[84.12, 84.97, 87.9, 93.7, 90.41, 89.78, 89.49, 90.89, 91.66, 90.77, 92.24, 88.78, 87.76, 82.7, 80.23, 68.24]",0.8255931374908018,3
19,1Y32,8,AH_MP,Peptide_Benchmark_Set/AlphaFold_Predictions/1Y32/ranked_0.pdb,Peptide_Benchmark_Set/NMR_structs/AH_MP/1Y32_8.pdb,"[[3.559000015258789, 9.756999969482422, -19.386999130249023], [2.499000072479248, 9.017000198364258, -15.78600025177002], [3.7690000534057617, 5.508999824523926, -14.829999923706055], [0.6430000066757202, 3.3340001106262207, -15.430999755859375], [1.6399999856948853, 1.5429999828338623, -12.177000045776367], [1.0069999694824219, 4.681000232696533, -10.015999794006348], [-2.555000066757202, 5.000999927520752, -11.428000450134277], [-3.2739999294281006, 1.3519999980926514, -10.454000473022461], [-1.7000000476837158, 1.8960000276565552, -6.98199987411499], [-3.867000102996826, 5.0229997634887695, -6.381999969482422], [-7.0320000648498535, 3.1440000534057617, -7.499000072479248], [-6.136000156402588, 0.16899999976158142, -5.23199987411499], [-5.445000171661377, 2.503999948501587, -2.247999906539917], [-8.781000137329102, 4.322999954223633, -2.8559999465942383], [-10.713000297546387, 1.0069999694824219, -3.190999984741211], [-9.133999824523926, -0.19599999487400055, 0.13099999725818634], [-9.597000122070312, 3.1760001182556152, 1.9780000448226929], [-13.29699993133545, 3.503999948501587, 0.9340000152587891], [-14.666000366210938, 0.42100000381469727, 2.924999952316284], [-13.109999656677246, 1.6729999780654907, 6.244999885559082], [-14.890999794006348, 5.10699987411499, 6.552999973297119], [-18.461000442504883, 3.746000051498413, 5.840000152587891], [-18.41699981689453, 0.9330000281333923, 8.496000289916992], [-18.19700050354004, 3.309000015258789, 11.487000465393066]]","[[-0.05903053283691406, 12.029483795166016, -16.582857131958008], [1.4720840454101562, 8.825582504272461, -15.221394538879395], [1.9130501747131348, 5.082045555114746, -15.95930290222168], [-0.7140474319458008, 2.527754545211792, -14.937994956970215], [1.9719667434692383, 0.8674743175506592, -12.872296333312988], [2.126455783843994, 3.294163227081299, -9.979731559753418], [-1.3607783317565918, 4.609369277954102, -10.731592178344727], [-2.9433977603912354, 1.1706937551498413, -10.341344833374023], [-0.7497735023498535, 0.18497443199157715, -7.391585350036621], [-1.5750141143798828, 3.369668960571289, -5.478121757507324], [-5.195398330688477, 3.1269500255584717, -6.632591247558594], [-5.5945353507995605, 0.2534334659576416, -4.168882369995117], [-4.778567314147949, 2.628673553466797, -1.312105655670166], [-7.778282165527344, 4.769689083099365, -2.2580032348632812], [-9.939244270324707, 2.0155324935913086, -3.7498059272766113], [-10.143539428710938, -0.07181859016418457, -0.576467752456665], [-10.378948211669922, 3.0782861709594727, 1.5414302349090576], [-12.677312850952148, 4.77024507522583, -0.9592306613922119], [-16.027488708496094, 4.441882133483887, 0.9116652011871338], [-14.64883804321289, 4.670337677001953, 4.449828147888184], [-18.145933151245117, 3.961043357849121, 5.767790794372559], [-17.991193771362305, 0.22574377059936523, 6.479107856750488], [-16.170507431030273, 0.2461404800415039, 9.819491386413574], [-16.767728805541992, 3.855647325515747, 10.873991966247559]]","[61.1111111115432, 85.00000000015, 81.8181818183471, 71.42857142877551, 88.46153846162721, 92.85714285719388, 84.37500000009767, 83.82352941185987, 84.37500000009767, 89.70588235300174, 85.52631578954986, 86.7647058824308, 87.50000000007813, 80.55555555566359, 85.29411764714534, 80.88235294128894, 85.9375000000879, 72.05882352957613, 78.84615384631657, 90.38461538468935, 70.0000000003, 75.00000000025, 68.75000000039063, 78.12500000027343]","[60.58, 65.76, 78.4, 78.45, 78.32, 80.16, 80.4, 81.67, 85.21, 84.11, 83.68, 83.39, 83.24, 79.09, 83.07, 77.33, 72.79, 64.7, 64.05, 61.51, 63.09, 62.63, 59.96, 53.03]",2.457093613874855,0
20,2KHF,14,AH_MP,Peptide_Benchmark_Set/AlphaFold_Predictions/2KHF/ranked_0.pdb,Peptide_Benchmark_Set/NMR_structs/AH_MP/2KHF_14.pdb,"[[-5.0269999504089355, -0.8939999938011169, 14.067000389099121], [-5.974999904632568, -1.9290000200271606, 10.472999572753906], [-6.072000026702881, 1.5609999895095825, 8.822999954223633], [-2.3389999866485596, 2.2279999256134033, 9.552000045776367], [-1.3769999742507935, -1.156000018119812, 7.964000225067139], [-3.5390000343322754, -0.4269999861717224, 4.870999813079834], [-1.7359999418258667, 2.9140000343322754, 4.214000225067139], [1.6670000553131104, 1.2790000438690186, 4.900000095367432], [0.9610000252723694, -1.4859999418258667, 2.302999973297119], [-0.3919999897480011, 1.065999984741211, -0.23399999737739563], [2.684999942779541, 3.3340001106262207, 0.19699999690055847], [5.035999774932861, 0.3100000023841858, -0.09099999815225601], [3.3239998817443848, -0.9449999928474426, -3.306999921798706], [3.428999900817871, 2.5929999351501465, -4.820000171661377], [7.181000232696533, 3.003000020980835, -4.060999870300293], [8.055000305175781, -0.6000000238418579, -5.181000232696533], [6.138000011444092, 0.057999998331069946, -8.451000213623047], [7.820000171661377, 3.4769999980926514, -9.031000137329102], [11.300000190734863, 2.194999933242798, -7.955999851226807], [10.866999626159668, -0.9710000157356262, -10.116999626159668], [9.878000259399414, 1.3700000047683716, -13.020000457763672], [12.840999603271484, 3.7330000400543213, -12.36299991607666], [15.394000053405762, 0.8019999861717224, -12.39900016784668], [14.118000030517578, -0.09399999678134918, -15.958999633789062], [15.451000213623047, 3.244999885559082, -17.374000549316406]]","[[-9.054303169250488, 0.3724306523799896, 11.943718910217285], [-7.209713935852051, -0.5191844701766968, 8.7479248046875], [-6.105769157409668, 2.6862051486968994, 7.023524761199951], [-2.9539003372192383, 2.411482572555542, 9.13489055633545], [-1.79522705078125, -0.7746527194976807, 7.4099931716918945], [-2.931942939758301, 0.6397609710693359, 4.066558837890625], [-0.516815185546875, 3.5403897762298584, 4.538626670837402], [2.60650634765625, 1.3872840404510498, 4.815234184265137], [1.2998666763305664, -1.071288824081421, 2.2238597869873047], [1.6575164794921875, 1.7876908779144287, -0.25945186614990234], [5.4167938232421875, 2.2219512462615967, 0.12888336181640625], [5.846988677978516, -1.4778501987457275, 0.9005889892578125], [5.046513557434082, -2.1269948482513428, -2.748781204223633], [7.01768684387207, 0.8080317974090576, -4.132013320922852], [10.129674911499023, -0.31238576769828796, -2.251953125], [10.04920768737793, -3.583148241043091, -4.192312240600586], [11.244871139526367, -1.5921728610992432, -7.189149856567383], [8.116094589233398, 0.0692775547504425, -8.55488395690918], [9.508735656738281, 3.2758424282073975, -7.057825088500977], [11.580913543701172, 3.5437114238739014, -10.222280502319336], [10.99691390991211, 0.4703691303730011, -12.373855590820312], [7.256595611572266, 1.1368043422698975, -12.539674758911133], [8.187799453735352, 4.409015655517578, -14.238594055175781], [10.60517692565918, 2.708723783493042, -16.63130760192871], [13.687835693359375, 4.654707908630371, -15.541727066040039]]","[68.75000000039063, 97.22222222225308, 95.45454545458678, 90.90909090917356, 92.30769230775148, 94.64285714289541, 83.92857142868621, 83.82352941185987, 87.50000000006946, 78.94736842116345, 71.25000000014376, 89.47368421058172, 79.16666666678242, 67.5000000001625, 84.21052631587257, 76.47058823543253, 75.00000000015625, 69.1176470590052, 61.764705882577864, 71.66666666685555, 80.35714285728316, 58.3333333336111, 67.3076923079438, 75.00000000022727, 56.818181818574374]","[74.08, 83.83, 88.01, 90.36, 91.69, 92.97, 90.98, 88.81, 88.9, 89.77, 89.12, 88.16, 86.72, 85.66, 80.84, 80.88, 76.78, 75.81, 68.48, 70.09, 68.89, 67.04, 65.76, 65.77, 54.12]",3.591265100966058,0